1,President,Center occur source cup impact.,433.98,31,5
2,Address,Reason dark hope onto fine instead war.,75.20,35,1
3,Spend,Speak best mission leg.,15.10,74,1
4,Student,However environmental majority little professor.,318.63,34,9
5,Year,Eight need arrive population recently claim do middle.,185.31,55,2
6,Particularly,Season fine along decision.,215.53,8,7
7,Bag,,162.38,44,7
8,Official,Network look particularly.,438.79,56,8
9,Fire,,424.37,80,10
10,Enough,,110.92,86,4
11,Hand,,110.08,6,10
12,Pretty,Contain south same perhaps add.,238.82,18,9
13,Treatment,,9.71,17,4
14,Analysis,Event begin increase organization.,484.65,44,2
15,Six,Wind end reveal market difference purpose.,272.30,6,9
16,These,Stand painting inside claim yeah again.,260.64,99,7
17,Option,From form her you child today stage clearly.,411.30,92,7
18,Sing,After the wait coach character star into modern.,10.27,89,4
19,Two,Marriage act morning measure inside.,402.92,11,1
20,Within,Amount fund choose remember base industry scientist.,64.23,57,3
21,Develop,,302.95,51,10
22,Organization,,250.89,35,10
23,Television,Bit leader reduce seem wear behind.,67.82,62,4
24,Woman,,64.18,60,8
25,Share,Single wait ago have economy.,448.96,64,8
26,Line,Up no stuff which.,488.68,15,5
27,Represent,Artist either compare try during.,369.12,46,10
28,Course,General four Congress.,300.56,51,9
29,Discussion,Big catch its case citizen central on.,267.18,56,9
30,Stock,Around team run decade can.,8.93,38,9
31,Former,,296.50,80,10
32,Quickly,Particularly officer eight unit.,133.33,51,4
33,Director,Far final leave road trouble.,254.56,99,8
34,Benefit,Lay movement fast.,83.04,22,10
35,College,,371.52,99,1
36,Ability,Congress quality half majority property join against.,317.50,96,2
37,Identify,Son nation system media.,181.62,33,9
38,Garden,Not development huge item.,237.77,10,9
39,Particular,Teacher card upon list none personal.,163.74,40,7
40,Audience,,32.08,61,3
41,Test,,233.18,45,8
42,Plant,Election thought run finally speech professional seek.,252.16,64,3
43,Tree,Blood assume player production article there would head.,106.77,96,6
44,Break,Democrat shoulder career quality education actually.,54.27,71,6
45,Late,Take difficult card company technology.,198.88,16,8
46,Full,Agree national much her.,290.46,62,6
47,Everyone,,104.32,77,3
48,Identify,Begin skin deep model pretty particular.,185.62,21,1
49,Decision,Create business class give no.,379.43,61,8
50,Physical,Yourself me stand fact fire movie or.,390.72,43,3
51,Life,Dinner specific race listen follow.,258.34,74,1
52,Many,Goal cultural girl record organization any.,401.70,15,8
53,Avoid,Say born western raise place fill have three.,310.96,99,1
54,Bill,Too past argue front.,52.61,14,1
55,A,,193.08,38,6
56,Factor,Company particularly quality its hand commercial TV.,61.99,71,4
57,Collection,Sign meeting fill task.,499.19,70,7
58,Analysis,Operation we any law share whatever nature.,239.04,92,4
59,Want,Life agreement heart daughter buy newspaper resource.,409.93,98,10
60,Purpose,,336.89,19,5
61,Coach,Possible note memory main.,342.83,71,1
62,Read,,359.94,68,10
63,Attention,Bed yeah say action opportunity.,32.26,29,10
64,Middle,Culture music mission song side father civil.,469.93,30,1
65,Support,After rest pretty into professor.,28.15,87,1
66,Note,Want blood work hear economic certainly they.,444.88,10,3
67,Recently,Bill drive tell recently seem strategy field miss.,327.13,46,3
68,Bed,Until most avoid truth you dog perhaps deep.,465.43,8,6
69,Capital,Yard skill front nothing speech.,230.13,52,7
70,Agency,,414.96,32,3
71,Painting,,414.33,14,1
72,Democrat,Medical certainly down hot.,469.11,80,2
73,Think,House us no also site bad after.,234.99,48,3
74,Action,Move help term pick author fear win.,5.81,6,6
75,Claim,Now continue home along federal wide.,401.51,89,5
76,Too,Push crime carry agent feel.,30.34,96,10
77,Sense,,289.51,1,2
78,Success,Public name stand someone later participant remember.,211.12,9,9
79,West,,261.19,61,3
80,Couple,Major will dark without.,161.82,2,10
81,Store,General understand own health long address energy.,205.03,14,3
82,Site,Over provide financial project tell worker.,188.16,66,1
83,Book,Pick officer arm chair else best.,375.90,16,6
84,Pm,Miss international price word even attention night.,333.08,26,3
85,Some,Design might but seven go make southern.,449.57,45,7
86,Lead,Because green blood then audience who.,335.62,48,5
87,Various,Just during recent yes item camera itself.,200.72,19,5
88,Daughter,Lawyer activity scientist assume us.,244.90,86,4
89,Threat,Congress customer generation nice activity here.,328.78,89,4
90,Affect,,460.82,97,8
91,Resource,Throughout medical fire.,388.01,55,8
92,Happy,,93.85,57,6
93,May,Their stand drop popular.,275.40,70,9
94,Arrive,Visit black pay remain.,65.56,59,9
95,Party,Laugh which suggest business such a evidence court.,205.99,92,2
96,East,Situation police happy already movie.,391.07,14,4
97,Former,Fast discuss focus for authority until low.,148.37,42,1
98,Decade,Law case put now knowledge.,140.72,84,5
99,Beat,Different strong eight imagine mean father.,188.24,52,6
100,Glass,Our computer majority four appear theory draw.,70.07,16,8
101,Manager,Way race tax whose dog despite mind.,45.25,88,3
102,Catch,Affect fact group many modern range.,39.32,39,4
103,Share,Policy argue purpose action range.,281.77,25,8
104,Student,Without give morning.,467.39,21,5
105,Who,Country across every role.,222.52,44,2
106,Law,,321.57,93,1
107,Group,,240.40,34,7
108,Ahead,Mrs administration doctor itself blood effort.,427.64,94,7
109,Sign,Total onto beyond moment them blue.,196.51,99,10
110,Office,Little prove design interesting one suggest lay culture.,109.39,22,6
111,Street,Raise you us third necessary.,397.22,35,1
112,Human,,37.44,13,2
113,Perhaps,Run according stand husband.,274.47,20,7
114,Husband,Lawyer close store sit list woman.,111.18,81,9
115,Individual,Without hundred still visit.,286.97,15,5
116,Skill,Beat low actually she machine white.,105.77,42,2
117,Cover,Four where listen who process live.,335.03,5,8
118,Test,Provide possible shoulder book outside.,349.70,8,7
119,Hand,Political lot eat today.,47.04,26,6
120,Road,Group fact accept letter large small.,221.75,55,2
121,Play,,252.34,100,6
122,Sometimes,Especially enough fast few matter miss.,325.83,65,4
123,Never,Fine nor democratic court himself century.,82.60,92,10
124,High,For know want space style too pretty.,308.58,7,10
125,Son,Least anyone computer whether important.,364.91,65,2
126,Phone,,340.84,75,6
127,Those,Purpose staff spend.,221.18,2,1
128,Smile,Tend audience girl allow.,76.70,90,9
129,Need,Environmental society skin become concern stop.,38.81,89,6
130,Join,Chance because forward special down president later impact.,444.81,75,2
131,Budget,,451.58,37,5
132,Network,Reach open many pass thought size.,366.62,26,10
133,Public,Wonder modern create skin just since listen.,224.98,91,5
134,Religious,Blue environmental case street sort until turn.,436.54,88,7
135,Maintain,,246.39,41,4
136,Risk,Main that month crime cell my business.,283.31,45,4
137,Improve,Throughout provide case human line.,424.81,92,1
138,Arm,,398.47,100,2
139,Range,,323.36,46,1
140,Degree,Scientist rather indeed coach husband teach.,468.02,66,1
141,Move,,167.59,72,9
142,Anything,Pm forward central get every fire somebody.,273.05,93,4
143,Behavior,Religious chance religious sense pass management sit service.,96.15,70,1
144,Success,Alone civil decision clearly office have.,456.08,11,1
145,Together,Congress exist wrong sing official per owner.,49.38,87,10
146,Country,Oil free usually Republican.,44.50,6,3
147,Way,Would right although about.,61.53,0,9
148,On,Author work worker until bar five game.,444.65,71,8
149,Field,Picture although center dark environmental sort senior.,490.60,77,1
150,Outside,School happy people good there interview.,278.09,100,5
151,Loss,Event interesting issue material federal local great.,379.54,1,9
152,Professional,Significant floor itself artist.,326.63,2,9
153,Move,Maintain nothing senior measure.,334.40,58,2
154,Before,Idea method coach occur cause apply miss your.,109.07,3,2
155,Include,Either follow machine her.,378.68,16,7
156,Later,Recognize each pull thought leader.,372.23,30,6
157,Court,Then treat itself expect environmental ability general enough.,323.54,91,3
158,Quality,Late evidence know ok Mr president skill.,410.17,67,4
159,Industry,Goal everyone believe pretty tax.,131.32,85,5
160,American,Enough consumer plan color.,67.31,82,8
161,Chance,Voice start field if region.,259.10,76,5
162,South,,274.72,43,8
163,Capital,Nation federal again.,334.67,20,7
164,Himself,Bad thought always piece few environmental.,385.66,74,8
165,Skill,Give force serve religious detail meeting.,445.19,0,9
166,Floor,,71.87,43,4
167,Final,,148.06,12,2
168,Center,Do bank light compare.,57.79,98,2
169,Majority,Break cup improve next.,105.74,19,5
170,With,Daughter firm situation budget.,320.45,33,4
171,Member,Sit cup environment dinner particularly.,262.21,37,5
172,Yet,Against trade exist activity behind Mr way.,100.62,0,5
173,Make,Nor play turn.,254.02,74,5
174,Service,Pressure development party bill travel.,361.84,73,8
175,Number,Challenge paper thought how.,7.34,76,1
176,Direction,Which north job less.,319.70,63,8
177,Green,Develop someone entire threat without.,110.98,46,9
178,Ten,Party shoulder the sister floor box old.,183.61,20,9
179,Strategy,Field because policy up.,24.16,78,7
180,Carry,Same drive according protect.,97.13,87,4
181,Common,,437.25,0,1
182,Phone,Official two throughout fund.,472.15,41,5
183,Democratic,Exactly together Mr.,398.44,26,6
184,Another,New anything what.,63.20,68,3
185,Service,Sing wear student above former short behavior.,304.39,34,3
186,Receive,Understand spring pay short.,104.83,63,7
187,Trade,Every TV allow region.,89.55,89,6
188,Bring,,283.00,42,9
189,Dream,Keep my course carry.,349.28,16,9
190,Hear,Book dog avoid stuff address.,257.01,8,3
191,No,Indeed participant situation whose.,378.80,89,7
192,Federal,Anyone deal chance describe owner.,437.31,24,10
193,Really,Expect heavy successful subject partner citizen newspaper last.,154.72,64,1
194,Should,Report choose product.,100.43,63,5
195,Better,Wear process watch couple.,455.06,61,4
196,Friend,Fire size trip measure rest box boy.,317.26,41,3
197,Test,Inside seem southern evidence attack ground.,324.11,27,3
198,Team,Pattern happy leader wrong.,18.17,28,1
199,Yourself,Explain quality billion gas response score.,389.35,38,1
200,Real,Want difference pay grow writer.,468.31,89,9
201,Away,Kid mission product baby effort.,159.60,19,5
202,Look,Him radio goal state seek lead likely.,217.33,94,5
203,Truth,Turn cultural scientist onto.,466.06,83,3
204,Off,,327.66,23,10
205,Respond,Guess order result several skin less.,154.31,82,9
206,Behavior,,376.28,29,10
207,Have,Crime wish include part city.,17.97,87,4
208,Body,,398.21,47,7
209,Government,Artist forward garden cause economy hear.,61.56,59,8
210,Plan,Side across simply drug anything large success pass.,265.93,100,2
211,Think,,317.08,62,6
212,Drug,Entire protect as budget stand thought.,469.09,96,4
213,Father,Most poor cell whether.,34.52,97,9
214,And,Training teacher college himself enter daughter.,315.08,1,8
215,Page,Lay them explain total.,213.83,97,5
216,Decade,,408.93,8,7
217,Their,,229.09,80,10
218,Indicate,Subject edge lay single morning.,230.61,100,8
219,Growth,Person attention force evidence senior.,461.93,0,4
220,On,Also especially sister live research how seat.,280.17,71,1
221,Small,Soon course save but.,207.95,35,6
222,Fund,Of peace others product grow today.,351.50,58,2
223,Professor,Recent force practice enter relate enter.,325.30,23,10
224,Yes,Executive true shoulder ten.,176.89,82,3
225,Lead,Eye yard store.,498.48,65,5
226,Parent,Carry hotel tend personal room cup write rate.,44.86,63,6
227,Myself,Appear son again on away.,490.17,4,3
228,Seek,Idea degree wish pattern soon list event available.,329.68,33,2
229,Three,Risk party top wait.,41.71,54,2
230,Bill,Keep born responsibility mother character of.,353.04,64,3
231,Speech,Field modern standard answer deal participant.,208.07,34,3
232,About,,348.99,42,4
233,Player,Development partner else artist truth.,442.41,36,6
234,Clear,Example federal how since.,115.73,91,10
235,Administration,Surface base she lose term question hope effect.,203.80,56,5
236,Try,Health measure laugh huge level education nature.,213.59,22,10
237,Mission,Decade brother sea reality.,364.95,9,7
238,Career,Tree look state life evidence however.,311.78,36,1
239,Medical,World world indicate president military drive resource.,444.67,30,5
240,Low,Its person admit we good represent.,14.58,31,8
241,Middle,Yeah light good knowledge.,186.20,36,8
242,Money,,334.30,98,3
243,Seem,Relate daughter election year both try art.,334.83,59,10
244,Mission,There model hundred.,103.77,29,6
245,Computer,Cultural door interest.,236.02,63,6
246,Enter,,399.01,53,6
247,Once,Available school public letter rest.,299.15,25,1
248,Coach,Help claim property carry loss leg.,79.94,6,2
249,Security,Hand growth she glass.,95.87,76,1
250,Commercial,Suffer behavior full follow response able.,370.51,20,8
251,Area,Represent minute brother shake type.,380.31,37,8
252,Owner,,69.06,53,10
253,Take,,100.15,2,3
254,Quite,Analysis issue operation forward provide necessary consumer.,301.40,44,9
255,House,Its her they none none.,167.17,95,10
256,More,,278.28,66,8
257,Toward,Back himself former.,136.00,43,3
258,Score,Letter lose rather its production law.,118.04,86,9
259,Whatever,Black word responsibility figure painting professor wish.,52.05,15,10
260,Always,Big sound religious sing number several picture seek.,344.58,86,5
261,View,Behavior race painting.,186.14,45,4
262,Say,Add manage ball avoid bank.,184.99,1,8
263,Hold,Center successful push.,26.21,11,10
264,Along,Ahead agreement nice employee style officer.,7.40,65,4
265,That,Finally great include hit.,226.67,11,8
266,Member,Red job full specific although company less.,55.99,23,5
267,Prepare,Build skin structure boy interesting sport.,138.38,74,2
268,Traditional,,224.81,19,6
269,Treatment,,225.82,37,2
270,Land,Customer place American middle yet although wonder.,98.75,6,6
271,Financial,Reality through success under.,154.37,36,2
272,Thank,Crime easy move after.,271.59,68,2
273,Not,,199.88,26,2
274,Toward,,163.37,29,1
275,Type,Available language media recent though care.,394.26,92,1
276,Remain,Management difference week.,214.85,39,3
277,Set,Their price myself state assume.,63.47,53,7
278,Could,Enough choice speech or.,73.58,4,6
279,Answer,Another ago book matter game third.,147.60,88,1
280,Person,Food great apply brother box gas.,122.81,43,1
374,Phone,,389.41,100,6
281,Dinner,Return anything front message produce technology off.,311.50,70,10
282,To,Good paper different sometimes baby play item.,385.67,13,6
283,White,Doctor material deal carry across.,235.12,31,4
284,Respond,Something anything health establish boy picture something.,397.44,59,10
285,Senior,,40.01,86,6
286,Son,Simply trial assume.,361.43,67,6
287,Dream,Bit state seek center case discover item.,260.55,80,9
288,Big,Middle new change thousand billion there.,480.46,78,9
289,Marriage,Plant style often table word local sit happy.,272.53,27,3
290,Art,Often see pressure federal treat main loss.,120.31,70,5
291,Already,Answer ahead recent bank but.,216.35,39,8
292,Future,Color wind fire these sign hear.,199.30,41,4
293,Brother,Place so have need easy writer have.,252.87,59,6
294,Bag,Remember already oil impact pattern him become.,130.26,41,4
295,Over,,430.57,94,6
296,Much,Face church able Mr difficult scene.,184.31,5,4
297,Short,Beyond never end player exist college.,287.27,58,1
298,Thousand,,391.64,88,1
299,Write,Huge knowledge despite.,98.33,74,2
300,Century,Watch part court third.,185.67,67,9
301,Learn,Face TV all far feeling.,461.33,21,1
302,Four,Analysis size lead walk.,153.45,85,6
303,List,General size institution range ahead.,300.04,5,1
304,Involve,Candidate from political.,348.02,14,8
305,Him,Court hard security indeed.,433.00,67,3
306,Energy,Effect simply himself like marriage sell her.,367.59,21,3
307,Somebody,Issue agent sport campaign sense well evidence table.,139.45,13,8
308,Picture,International just interest policy.,281.56,83,9
309,Certainly,Finish institution happy lot safe leg.,331.85,61,6
310,Likely,Case information prevent because.,452.89,67,1
311,Process,Common quite usually opportunity.,447.54,55,4
312,Thought,Add method assume strong hour citizen participant.,361.80,86,10
313,Against,Analysis car find production important beat.,6.73,65,8
314,Shake,Mouth yet big blue local blue avoid.,167.70,39,8
315,Dream,Most reality onto.,100.51,76,3
316,Bag,Election strategy if life affect onto.,153.13,74,9
317,Call,Argue language hour popular growth.,76.65,2,5
318,Low,Join call almost again his or arm.,153.24,3,8
319,Arm,Energy behind apply myself any short civil.,71.39,91,10
320,Bag,Factor factor our day strategy politics miss.,276.02,69,1
321,Guy,Perhaps challenge wonder relationship protect pressure goal.,173.50,55,10
322,Today,Include thus blue include price least.,318.97,90,5
323,Oil,,432.73,22,10
324,Send,Memory require or never.,454.23,20,6
325,Speech,,125.84,75,3
326,Want,Arm term clear month no.,263.59,1,3
327,Federal,,138.75,89,1
328,We,Message politics summer include.,251.83,20,8
329,Challenge,All peace pass remember mission grow positive.,158.87,51,6
330,Member,Writer business today management sit heart.,307.56,71,6
331,Lose,Line heavy rule my might kid level.,370.88,32,10
332,Much,Situation school first free group story born.,341.25,21,10
333,Ever,Simple need between way west.,180.98,0,10
334,Wide,Analysis reach each southern.,30.82,20,4
335,Guy,Forget others beautiful look effort gas give.,38.14,46,3
336,Skin,Manager themselves suggest fly partner know cost how.,151.08,9,7
337,Behavior,Throughout institution budget energy.,285.29,87,7
338,Health,Will many manage side draw myself.,453.53,62,10
339,Issue,,481.12,6,6
340,Agree,Bar citizen star dog.,113.02,66,1
341,Senior,End interesting story a.,340.88,33,9
342,Head,Add seat help east president house.,100.12,8,10
343,Weight,Surface impact into newspaper history bar.,433.35,15,5
344,Ten,Nearly trouble example myself.,86.96,98,9
345,Leave,If smile lead.,480.95,97,3
346,Federal,Special wonder reflect me field them occur.,427.66,87,8
347,Stand,I yeah yard most method.,258.56,47,4
348,Must,,450.40,15,10
349,Situation,,350.75,55,2
350,Before,Middle themselves soldier.,329.55,64,9
351,Force,About fall special water vote suggest.,384.67,33,1
352,Bad,Major financial effort yard prove look later especially.,103.05,51,2
353,Popular,Maintain front note style seek Congress much.,98.02,63,5
354,Instead,Others computer remember method page order price.,201.09,41,10
355,Region,,394.91,35,1
356,Form,Home out their shoulder away crime federal.,418.56,92,2
357,Establish,,16.72,88,5
358,Evening,Join medical strategy bill exist treat hospital.,290.42,81,4
359,Food,Close I day player same attorney government gas.,128.73,99,9
360,Oil,Half quality head resource enjoy less.,149.67,41,7
361,Grow,,99.76,1,3
362,Practice,,378.93,51,2
363,Cover,Course front western accept put.,356.07,24,5
364,Argue,,423.27,95,1
365,Receive,Then recognize system.,453.30,10,8
366,Sound,Only support significant social.,188.06,11,6
367,Painting,,136.56,37,1
368,Sister,Possible will hospital how Republican.,262.94,32,1
369,Middle,,351.21,51,5
370,Their,,59.64,72,4
371,Book,Have billion painting none contain.,306.97,68,5
372,Through,,238.27,48,8
373,Speech,Author somebody protect parent instead continue program.,423.60,53,10
375,Actually,Road as have traditional off account.,340.63,1,5
376,Stand,Bad include their.,319.84,87,9
377,Dream,Hold have performance take its return interesting.,169.21,83,8
378,Be,,211.13,26,7
379,Along,,341.97,77,7
380,Travel,How white field other eight debate phone.,140.67,66,3
381,Us,Evidence imagine senior foot.,257.49,12,9
382,Short,Point arm stand start involve example.,255.00,68,3
383,Medical,Degree service pick enjoy everything.,336.01,71,10
384,Business,,5.90,16,10
385,Lot,Only reduce risk understand every model tell.,271.64,67,1
386,Involve,Maintain anyone arrive trial term mission first.,361.88,3,6
387,They,Win charge agency point.,318.70,64,3
388,Professor,,429.57,13,8
389,Air,Example scientist between remember face ask security.,55.59,32,7
390,Ahead,Knowledge behind prepare method.,316.75,77,10
391,Gun,,307.14,69,2
392,Increase,Add hospital group wrong national.,285.95,59,6
393,Gas,After explain mission spend game tell maintain.,145.00,5,6
394,Doctor,,121.77,14,3
395,Green,Happen certain crime beautiful cause identify.,32.24,64,4
396,Director,,290.55,89,5
397,Tell,Leader development source home.,346.38,36,6
398,Tax,Boy who section summer.,319.42,56,1
399,Stop,Buy whom tend.,438.17,45,1
400,Full,,321.58,72,9
401,Serious,Treatment eight morning health who.,414.68,27,10
402,Newspaper,Week for place there ability believe society.,398.50,97,5
403,Poor,Play beat defense sing.,226.75,24,9
404,Market,In later while form performance.,245.46,29,7
405,Natural,Back community add set name.,475.91,40,10
406,Feel,Check themselves employee suffer fast perform full.,106.46,78,10
407,Official,Play college every age much.,429.16,54,2
408,Part,Skill rate quickly might staff.,239.50,86,6
409,Evening,,256.80,40,2
410,Attention,Pay chance activity eight.,91.62,46,1
411,Deep,Capital however like inside.,326.53,16,4
412,Bad,,351.60,19,5
413,By,,114.84,56,3
414,Beat,,282.52,48,10
415,Many,Soldier majority strong resource time.,463.00,17,6
416,Financial,Science news brother not none stock.,294.12,92,5
417,Thought,Check strategy test energy.,309.50,100,3
418,Article,,236.67,26,3
419,Sing,Human eat Mrs development network picture.,492.16,42,10
420,Society,Over before down public because ground mouth.,304.55,49,7
421,Glass,Low long production should popular indeed.,329.79,58,3
422,Wind,Improve old sometimes popular recognize interview.,352.25,4,1
423,Investment,Congress former various left.,64.72,13,5
424,Talk,Opportunity degree product street gun technology also.,225.43,44,2
425,Respond,One that up black agreement.,233.88,47,7
426,Color,Deal behavior issue concern treatment daughter story.,231.87,0,8
427,Assume,Perhaps account through seem long bank.,431.07,52,5
428,Form,,475.30,86,7
429,Feeling,Professional growth full because once.,294.49,86,9
430,Anything,Require do drug.,349.96,38,2
431,Student,,442.98,1,9
432,Even,Both practice art shoulder.,300.08,81,10
433,Begin,Skin rich turn yet bar former environmental.,115.44,4,7
434,Property,,89.69,56,10
435,Meet,,493.96,55,8
436,Teach,Condition quite way technology rule hot who generation.,285.66,95,10
437,Wall,Behind recent none success reality put likely.,122.62,20,6
438,Tax,,283.33,65,2
439,Life,Specific special later hair myself include.,431.95,62,7
440,Method,Reason defense out rule range.,382.97,6,8
441,Movie,National current according property dark.,373.83,6,10
442,Actually,Ready hard inside manage.,304.17,65,10
443,Finish,,449.60,57,2
444,Specific,Sure in may available.,221.73,23,6
445,Chair,Old standard region year determine.,272.14,81,1
446,Safe,Light medical church forget which sit.,39.56,65,3
447,That,I head small able know.,457.89,93,1
448,Factor,Career heavy cut hold.,487.21,64,5
449,Available,Good fact anyone nearly line.,56.04,15,1
450,Recent,Visit staff prove.,185.01,59,7
451,Study,Tax wonder according drop keep discuss.,356.29,15,3
452,Let,Scene look second reveal available shoulder.,264.40,78,9
453,Pattern,Thousand business choice create.,34.61,24,3
454,Start,Give sense better for us agree traditional.,146.12,98,3
455,Physical,Onto become field fear large reduce charge.,393.19,58,6
456,Before,Long chair prove different.,494.42,78,7
457,Several,Positive recent environment student before late least.,256.06,92,1
458,Fish,Provide election would.,498.63,61,3
459,Meet,Want fill gas put.,30.14,16,6
460,There,Assume then although argue.,430.12,14,7
461,Watch,,277.28,45,4
462,Leg,Tree often above structure focus open leg teacher.,350.70,4,7
463,Current,May instead suddenly or.,434.45,66,4
464,Her,Note range name should.,403.83,96,4
465,Certain,Worker level weight hope time heavy during.,214.78,40,4
466,Official,Land shoulder half marriage.,74.23,64,9
467,Political,,492.08,62,8
468,True,Heavy ability professor point southern.,141.31,14,10
469,Detail,Design eat close.,427.87,17,3
470,Long,Build newspaper his.,124.57,69,1
471,Person,Agree indeed site degree itself state.,276.31,53,7
472,Where,,111.69,58,8
473,Without,Network employee spring common floor.,306.26,42,2
474,Feeling,Provide candidate security that beautiful.,353.14,13,4
475,Control,Successful else indeed enjoy.,133.65,91,6
476,Expert,Bag see situation idea ahead four wife.,113.43,79,10
477,Get,Ten big career husband TV enter.,318.86,25,1
478,Resource,,416.61,18,9
479,Off,Most over example me.,216.47,29,5
480,Day,Strong color writer value could response choose.,82.72,84,9
481,Wish,Agree point leader.,300.47,91,1
482,Activity,Hit film rise baby police offer trip food.,432.56,1,8
483,Between,Tree size charge baby event nearly benefit.,140.08,2,4
484,As,,127.23,57,9
485,Hard,Against allow eat loss two experience food.,233.71,84,10
486,Worker,,129.26,51,3
487,Old,Research onto easy hair election.,326.00,84,6
488,Benefit,Officer challenge television north various crime.,41.28,96,7
489,Create,Herself doctor might rate beautiful pass science.,409.96,38,5
490,Year,Hair measure walk maybe mouth for.,187.22,40,2
491,Actually,Under degree conference find story market contain.,211.67,60,2
492,Again,,383.42,91,9
493,Will,Full experience offer expect.,211.52,22,6
494,Professor,Particularly same wish may else head.,253.64,82,3
495,Special,,302.59,84,3
496,Black,Provide whose human money two fire during.,146.97,3,9
497,Along,,325.65,10,7
498,Easy,Him market month site finally hot enjoy.,202.58,39,7
499,Build,Mr major yet stock.,136.07,92,9
500,Through,Feel above improve level resource long.,308.80,45,4
